mesh_descriptors,mesh_list,mesh_name
D000001,D03.633.100.221.173,Calcimycin
D000002,D02.705.400.625.800;D02.705.539.345.800;D02.886.300.692.800,Temefos
D000003,J01.576.423.200.700.100;J03.540.020,Abattoirs
D000004,L01.559.598.400.556.131,Abbreviations as Topic
D000005,A01.923.047,Abdomen
D000006,C23.888.592.612.054.200;C23.888.821.030.249,"Abdomen, Acute"
D000007,C26.017,Abdominal Injuries
D000008,C04.588.033,Abdominal Neoplasms
D000009,A02.633.567.050,Abdominal Muscles
D000010,A08.800.800.120.030,Abducens Nerve
D000011,B04.613.807.375.525.020;B04.820.650.375.525.020,Abelson murine leukemia virus
D000012,C16.320.565.398.500.440.500;C18.452.584.500.875.440.500;C18.452.648.398.500.440.500,Abetalipoproteinemia
D000013,C16.131,Congenital Abnormalities
D000014,C16.131.042,"Abnormalities, Drug-Induced"
D000015,C16.131.077,"Abnormalities, Multiple"
D000016,C16.131.080;C26.733.031;G01.750.748.500.031;N06.850.460.350.850.500.031;N06.850.810.300.360.031,"Abnormalities, Radiation-Induced"
D000017,D23.050.301.290.031;D23.050.705.230.031,ABO Blood-Group System
D000018,A13.869.106,Abomasum
D000019,D27.505.696.875.131;D27.505.954.705.131,Abortifacient Agents
D000020,D27.505.696.875.131.100;D27.505.954.705.131.100,"Abortifacient Agents, Nonsteroidal"
D000021,D27.505.696.875.131.200;D27.505.954.705.131.200,"Abortifacient Agents, Steroidal"
D000022,C13.703.039;G08.686.784.769.496.125,"Abortion, Spontaneous"
D000023,M01.050,Abortion Applicants
D000024,I01.198.240.089,"Abortion, Criminal"
D000025,E04.520.050.050,"Abortion, Eugenic"
D000026,C13.703.039.089,"Abortion, Habitual"
D000027,C13.703.039.093,"Abortion, Incomplete"
D000028,E04.520.050,"Abortion, Induced"
D000029,E04.520.050.055,"Abortion, Legal"
D000030,C13.703.039.173,"Abortion, Missed"
D000031,C01.674.173;C13.703.039.256;C13.703.700.173,"Abortion, Septic"
D000032,E04.520.050.060,"Abortion, Therapeutic"
D000033,C13.703.090,"Abortion, Threatened"
D000034,C13.703.039.422;C22.021,"Abortion, Veterinary"
D000035,F04.754.720.107,Abreaction
D000036,D08.811.277.450.430.700.750.111;D12.776.503.499.249;D12.776.765.678.906.111,Abrin
D000037,C13.703.420.078;C13.703.590.132,Abruptio Placentae
D000038,C01.830.025;C23.550.470.756.100,Abscess
D000039,C01.748.561.750.500;C01.830.025.675;C07.550.781.750.500;C08.730.561.750.500;C09.775.649.750.500,Peritonsillar Abscess
D000040,D02.241.223.268.034;D02.455.326.271.665.202.061;D02.455.426.392.368.367.379.249.024;D02.455.849.131.061;D02.455.849.765.521.500,Abscisic Acid
D000041,F02.784.692.107,Absenteeism
D000042,G01.015;G02.010;G03.015;G03.787.024;G07.690.725.015,Absorption
D000043,L01.453.245.100,Abstracting and Indexing
D000044,E06.780.346.500;E07.695.190.175,Dental Abutments
D000045,B01.650.940.800.575.912.250.401.025,Acacia
D000046,N02.278.020,Academic Medical Centers
D000047,N03.540.052,Academies and Institutes
D000048,B01.046.500.100.075.080,Acanthamoeba
D000049,B01.050.500.500.132,Acanthocephala
D000050,A11.118.290.330.100;A11.443.240.330.100;A15.145.229.334.330.100,Acanthocytes
D000051,C17.800.865.070;C23.550.035,Acantholysis
D000052,C17.800.621.430.530.100,Acanthosis Nigricans
D000053,B01.050.500.131.166.132,Acari
D000054,G01.482.107,Acceleration
D000055,A08.800.800.120.060,Accessory Nerve
D000056,N06.850.135.060,Accident Prevention
D000057,F01.145.015,Accident Proneness
D000058,N06.850.135.122,Accidental Falls
D000059,N06.850.135,Accidents
D000060,N06.850.135.185,"Accidents, Aviation"
D000061,N06.850.135.217,"Accidents, Home"
D000062,N06.850.135.240,"Accidents, Occupational"
D000063,N06.850.135.392,"Accidents, Traffic"
D000064,G07.025.133;G16.012.500.133,Acclimatization
D000065,G14.010,"Accommodation, Ocular"
D000066,N03.219.463.030,Accounting
D000066388,J01.576.655.875.750,Oil and Gas Industry
D000066428,J01.576.655.875.200,Coal Industry
D000066448,F01.145.250.250;F01.145.263.500;I01.880.735.223.250;I03.125.649,Driving Under the Influence
D000066449,A11.872.700.250.750,Human Embryonic Stem Cells
D000066450,A11.872.700.250.875,Mouse Embryonic Stem Cells
D000066473,A11.497.124;A11.872.700.250.625,Embryonic Germ Cells
D000066477,I03.946.675,Work Performance
D000066479,F01.145.250,Criminal Behavior
D000066491,E01.055,Clinical Decision-Making
D000066492,G07.345.124.260,Cognitive Aging
D000066494,F04.096.628.255.500;H01.158.610.030,Cognitive Neuroscience
D000066498,F01.058.144;F01.752.543.500.250,Emotional Adjustment
D000066499,F02.463.593.524.250.500;F02.463.593.524.500.500;F02.463.593.932.622.500,Facial Recognition
D000066502,F01.829.263.403;I01.880.853.150.452;M01.264,Grandparents
D000066505,F01.145.813.217,Help-Seeking Behavior
D000066506,F02.463.425.725.500;F02.463.785.810.500,Heuristics
D000066511,I01.198.240.856.575;I01.880.735.900.688,Intimate Partner Violence
D000066530,E02.760.169.063.500.477;E02.831.477;H02.403.680.600.750;N02.421.784.511,Neurological Rehabilitation
D000066550,I01.198.240.856.688;I01.880.735.900.744,Physical Abuse
D000066553,F01.145.126.972;F01.145.179.750,Problem Behavior
D000066608,F01.145.022.750;F01.145.317.269.875;I01.880.735.878,Underage Drinking
D000066630,G05.308.202,Ectopic Gene Expression
D000066670,G04.356.250,Cell Plasticity
D000066673,G04.144.220.235;G04.161.750.500.375;G05.113.415;G07.345.249.410.750.500.625,Cell Self Renewal
D000066768,H01.770.644.145.472,Rehabilitation Research
D000066792,M01.526.485.330.655;N02.360.330.655,Orthodontists
D000066794,M01.526.485.330.483;N02.360.330.483,Oral and Maxillofacial Surgeons
D000066829,G11.561.645,Neuroprotection
D000066888,G07.203,"Diet, Food, and Nutrition"
D000066889,B01.650.940.800.575.912.250.822.906,Triticale
D000066891,N04.761.559.590.399.250;N05.715.360.575.575.399.250,Critical Care Outcomes
D000066908,I02.903.847,Simulation Training
D000066928,B01.650.940.800.575.912.250.822.587,Millets
D000066949,H01.770.644.108.687,Biobehavioral Sciences
D000066970,D12.776.642,Protein Corona
D000066988,M01.928,Vegetarians
D000066989,M01.928.500,Vegans
D000067,N03.219.463.030.080,Accounts Payable and Receivable
D000067009,I03.450.642.845.987,Youth Sports
D000067010,F01.145.209.429;N01.824.196.500,Literacy
D000067011,C18.654.521.719,Severe Acute Malnutrition
D000067012,N03.219.463.030.100,"Banking, Personal"
D000067013,N02.278.200.252,Evidence-Based Facility Design
D000067029,E01.370.600.115.450;G07.100.175,"Physical Appearance, Body"
D000067030,G07.203.100.606;J02.200.606,Fruit and Vegetable Juices
D000067048,D10.212.302.199.500;G07.203.300.350.100.500;G07.203.300.375.200.500;J02.500.350.100.500;J02.500.375.200.500,Ghee
D000067071,J01.576.655.875.750.500,Hydraulic Fracking
D000067073,F03.950.750.375,Psychological Trauma
D000067074,F01.829.316.483.750,Peer Influence
D000067075,G07.203.300.850.450;J02.500.850.800,Vegetable Products
D000067088,J01.219.687.274.500,Direct-to-Consumer Advertising
D000067108,E01.370.398;N02.421.726.233.166,Direct-To-Consumer Screening and Testing
D000067128,A11.284.295.588,Extracellular Vesicles
D000067148,B04.352,Fungal Viruses
D000067170,A11.329.830.750,Telocytes
D000067190,E07.341,Exoskeleton Device
D000067208,C20.543.480.370.763,Shellfish Hypersensitivity
D000067248,E01.789.800.760.500;H01.770.644.145.431.500;N04.761.559.590.800.760.500;N05.715.360.575.575.800.760.500,"Failure to Rescue, Health Care"
D000067250,H02.403.680.600.875;N02.421.784.578,Psychiatric Rehabilitation
D000067251,C23.550.291.937.500,Symptom Flare Up
D000067268,E05.519;E05.598.750,Isolated Heart Preparation
D000067269,E02.642.249.300.750;G07.203.650.240.300.750,"Diet, Vegan"
D000067289,E05.796.112;F04.669.112,Behavior Observation Techniques
D000067290,F04.711.271,Behavior Rating Scale
D000067292,F01.145.317.269.625,Alcohol Drinking in College
D000067329,C18.654.726.500.650;C23.888.144.699.500.250;E01.370.600.115.100.160.120.699.500.375;G07.100.100.160.120.699.500.375,"Obesity, Metabolically Benign"
D000067348,G07.203.300.300.550.500;G07.203.300.775.500.500;J02.500.300.550.500;J02.500.775.500.500,Whole Grains
D000067368,E01.370.388.250.630.500;E04.210.240.250.680.500;E04.502.250.250.250.680.500;E04.502.250.630.500,Transanal Endoscopic Surgery
D000067369,E01.370.388.250.630.500.500;E04.210.240.250.680.500.500;E04.494.787;E04.502.250.250.250.680.500.500;E04.502.250.630.500.500,Transanal Endoscopic Microsurgery
D000067390,C26.212,Cold Injury
D000067393,E07.700.560;J01.637.708.560,Personal Protective Equipment
D000067397,D27.720.599;D27.720.777.300.500,Nerve Agents
D000067398,C26.946;I01.880.735.950.500.951.500;N06.850.460.350.600.903.500,War-Related Injuries
D000067399,E01.370.600.550.162,Abnormal Involuntary Movement Scale
D000067401,D02.033.375.135,Blood Alcohol Content
D000067404,F03.625.374.250,Social Communication Disorder
D000067408,I01.880.604.583.482,Legal Services
D000067448,I01.198.240.240;I01.880.735.191.051,Defamation
D000067449,F04.754.137.087,Anger Management Therapy
D000067450,F04.096.628.914,"Psychology, Sports"
D000067453,I01.880.735.950.500.951;N06.850.460.350.600.903,War Exposure
D000067454,F03.625.374.125,Childhood-Onset Fluency Disorder
D000067455,F01.100.150.750.500.600.750;F01.145.488.887.500.600.750;M01.643.550;N04.452.758.635.500;N05.300.150.800.500.600.750,No-Show Patients
D000067470,E05.200.500.380;E05.242.378;E05.393.085,Cellular Reprogramming Techniques
D000067489,F02.463.188.756,Metacognition
D000067490,E02.319.306.500.750,Prescription Drug Overuse
D000067491,E02.319.529.750;N02.421.450.500.750;N02.421.450.550;N04.761.700.594;N05.700.513,"Near Miss, Healthcare"
D000067492,E02.095.301.250,RNAi Therapeutics
D000067493,E05.196.822.325,Dynamic Light Scattering
D000067494,N04.761.700.635;N05.700.739,"Time Out, Healthcare"
D000067495,E05.318.740.600.800.715.500;N04.452.871.715.400;N05.715.360.750.625.700.690.400;N06.850.505.715.500;N06.850.520.830.600.800.715.500,Healthcare Failure Mode and Effect Analysis
D000067496,K01.844.619.500,Spirit Possession
D000067498,N04.590.254,"Crew Resource Management, Healthcare"
D000067508,L01.224.050.375.095,Computer Heuristics
D000067528,D12.776.631.069;D12.776.660.075,Ataxins
D000067531,D23.035,Alarmins
D000067548,D27.720.102.461,Dermal Fillers
D000067549,E05.196.867.826.150,Action Spectrum
D000067551,F01.829.316.171;F02.463.785.373.520.500;I01.738.305,Diplomacy
D000067552,G05.365.590.594,Mutation Accumulation
D000067556,D13.444.735.790.878.942.250;G02.111.570.080.689.687.093;G05.360.080.689.687.093,Internal Ribosome Entry Sites
D000067558,G16.012.750,Biological Mimicry
D000067559,F03.625.562.700,Specific Learning Disorder
D000067561,N04.761.700.615;N05.700.594,Potentially Inappropriate Medication List
D000067562,C23.550.291.883,Late Onset Disorders
D000067563,B01.300.179.113,Phakopsora pachyrhizi
D000067565,M01.526.390,Farmers
D000067568,J01.897.052,Culturally Appropriate Technology
D000067570,F02.784.629.529.663,Social Learning
D000067571,N03.219.463.030.140,Financial Statements
D000067572,M01.526.693,Miners
D000067573,G07.690.725.249,Chronopharmacokinetics
D000067575,N04.452.859.564.137,"Administrative Claims, Healthcare"
D000067576,N01.400.225,Child Health
D000067596,D12.644.276.374.465.850;D12.776.467.374.465.850;D23.529.374.465.850,Interleukin-33
D000067616,D12.776.157.125.750.875,S100A12 Protein
D000067617,A11.284.180.900;A11.329.830.750.500,Telopodes
D000067636,B01.050.500.131.617.720.500.500.750.310.250.750,Drosophila simulans
D000067656,F01.100.787,Optimism
D000067657,F01.100.893,Pessimism
D000067696,D12.776.631.069.500;D12.776.660.075.500,Ataxin-1
D000067697,N01.400.075,Adolescent Health
D000067698,D12.776.157.725.452.125;D12.776.631.069.750;D12.776.660.075.750;D12.776.664.962.452.125,Ataxin-2
D000067699,D08.811.037.250;D12.776.631.069.875;D12.776.660.075.875,Ataxin-3
D000067716,N04.590.874.500,Point-of-Care Testing
D000067719,D12.776.631.069.901;D12.776.660.075.900,Ataxin-7
D000067736,D12.776.631.069.950,Ataxin-10
D000067756,D12.776.543.750.695.021;D12.776.543.750.750.360.100,Glucagon-Like Peptide Receptors
D000067757,D12.776.543.750.695.021.500;D12.776.543.750.750.360.100.500,Glucagon-Like Peptide-1 Receptor
D000067758,D12.776.543.750.695.021.600;D12.776.543.750.750.360.100.600,Glucagon-Like Peptide-2 Receptor
D000067759,D12.776.543.750.615,Receptor for Advanced Glycation End Products
D000067776,D12.776.157.725.813;D12.776.664.962.813,RNA Recognition Motif Proteins
D000067777,D12.776.157.725.813.500.500;D12.776.631.520.500;D12.776.664.962.813.500.500,ELAV-Like Protein 2
D000067778,D12.776.157.725.813.500.750;D12.776.631.520.750;D12.776.664.962.813.500.750,ELAV-Like Protein 3
D000067779,D12.776.157.725.813.500.875;D12.776.631.520.875;D12.776.664.962.813.500.875,ELAV-Like Protein 4
D000067780,D12.776.157.725.813.500.250;D12.776.664.962.813.500.250,ELAV-Like Protein 1
D000067796,A12.790.760;G07.203.100.700.750;G07.203.300.350.525.760;J02.200.700.750;J02.500.350.525.760,Whey
D000067816,A12.790.520.500;A12.790.760.500;D12.776.256.159.750.816;G07.203.300.350.525.760.500;G07.203.300.428.159.812.500;J02.500.350.525.520.500;J02.500.350.525.760.500;J02.500.428.159.750.500,Whey Proteins
D000067836,F03.080.600.250,Hoarding Disorder
D000067856,D27.505.519.389.739;D27.505.954.248.692,Poly(ADP-ribose) Polymerase Inhibitors
D000067877,F03.625.164.113,Autism Spectrum Disorder
D000067878,D12.776.157.725.813.250;D12.776.664.962.813.250,CELF Proteins
D000067879,D12.776.157.725.813.250.500;D12.776.664.962.813.250.500,CELF1 Protein
D000067896,I01.261.262.500;J01.576.519,Industrial Development
D000067917,L01.224.097,Cloud Computing
D000067936,G16.500.275.553;J01.728;N06.230.350,Natural Resources
D000067940,G07.203.650.660.750;J01.576.423.850.730.750.750;N06.850.601.750.750,Glycemic Load
D000067956,D27.505.519.389.108,Adenylyl Cyclase Inhibitors
D000067996,A11.251.210.172.875;A11.733.397.815,RAW 264.7 Cells
D000068,N03.706.110.070;N05.700.200.100,Accreditation
D000068016,B03.353.625,Clostridiales
D000068036,V02.700.415,Graphic Novel
D000068037,Z01.058.290.120.745,South Sudan
D000068079,F03.608,Motor Disorders
D000068097,N01.400.900.500,Maternal Health
D000068098,N02.278.065.650,Seed Bank
D000068099,F03.950,Trauma and Stressor Related Disorders
D000068101,N02.421.143.130.660;N02.421.143.620.275,Maternal-Child Health Services
D000068103,D12.776.157.725.829.500;D12.776.664.962.829.500,Serine-Arginine Splicing Factors
D000068104,N01.400.388,Infant Health
D000068105,F03.084,Bipolar and Related Disorders
D000068116,F03.835.550,Gender Dysphoria
D000068156,F02.784.629.529.223,Formative Feedback
D000068180,D03.383.606.170;D03.633.100.810.835.122,Aripiprazole
D000068181,B01.650.940.800.575.912.250.859.937.500.625.500,Prunus dulcis
D000068196,D02.455.426.392.368.242.888.777.500;D02.455.849.291.850.777.500;D12.776.034.073,Albumin-Bound Paclitaxel
D000068216,I01.409.418.500;N03.540.400.500,Child Protective Services
D000068217,M01.526.919,Social Workers
D000068218,B01.650.940.800.575.912.250.859.937.500.625.250,Prunus africana
D000068219,B01.650.940.800.575.912.250.859.937.500.625.375,Prunus armeniaca
D000068220,B01.650.940.800.575.912.250.859.937.500.625.400,Prunus avium
D000068236,G16.500.275.683;G16.500.819,Refugium
D000068237,F02.784.176.350;F04.408.413.437;N02.421.143.303.175;N02.421.461.363.437;N04.452.758.849.550.500,Distance Counseling
D000068238,D10.251.355.325.050.500,Lubiprostone
D000068239,B01.650.940.800.575.912.250.859.937.500.625.750,Prunus persica
D000068240,H01.770.644.205;L01.224.134.500;N03.706.437.650.124.160;N04.452.910.200.500,Data Anonymization
D000068241,I01.880.604.583.080.660,Personally Identifiable Information
D000068242,B01.650.940.800.575.912.250.859.937.500.625.450,Prunus domestica
D000068256,D12.776.395.240.150.500,Darbepoetin alfa
D000068257,D02.705.429.906.125;D03.383.533.375;D03.383.742.680.245.500.600.125;D03.633.100.759.138.881.125;D26.310.375,"Efavirenz, Emtricitabine, Tenofovir Disoproxil Fumarate Drug Combination"
D000068258,D12.776.124.486.485.114.224.060.375;D12.776.124.790.651.114.224.060.438;D12.776.377.715.548.114.224.200.438,Bevacizumab
D000068276,B01.050.150.900.649.313.500.380.443,Giraffes
D000068296,D02.705.429.500.872;D03.383.725.836,Risedronic Acid
D000068297,D02.033.100.291.057.750.500;D02.092.063.291.057.750.500;D02.092.471.683.061.750.500;D04.210.500.054.079.129.114.500;D26.310.438,Fluticasone-Salmeterol Drug Combination
D000068298,D04.210.500.054.079.129.114,Fluticasone
D000068299,D02.033.100.291.057.750;D02.092.063.291.057.750;D02.092.471.683.061.750,Salmeterol Xinafoate
D000068316,J03.925.680,"Parks, Recreational"
D000068336,I01.880.735.950,Warfare and Armed Conflicts
D000068337,I01.880.735.950.250,Armed Conflicts
D000068338,D02.540.505.760.500,Everolimus
D000068342,D02.455.426.559.389.657.410.595.176.500;D03.383.742.175.500;D26.310.125,"Aspirin, Dipyridamole Drug Combination"
D000068356,F01.145.813.595,Self-Control
D000068357,G16.500.275.725,Saline Waters
D000068376,C23.888.369.500.500;F01.145.126.937.500;F01.145.126.990.734.500;F02.830.900.666.750,Compassion Fatigue
D000068377,B01.650.940.800.575.912.250.583.700,Plantaginaceae
D000068378,B01.650.940.800.575.912.250.583,Lamiales
D000068397,V03.175,Clinical Study
D000068436,E01.370.505,Surgical Clearance
D000068437,D03.633.100.759.758.399.454.650;D12.125.067.625.525;D12.125.119.409.525,Pemetrexed
D000068438,D03.633.100.857.070,Brimonidine Tartrate
D000068456,E05.318.372.250;N05.715.360.330.250;N06.850.520.450.250,Clinical Studies as Topic
D000068476,Z01.252.474.164.225;Z01.433.114,Beijing
D000068516,I01.615.500.125;N03.540.089,African Union
D000068536,B03.353,Firmicutes
D000068538,D04.210.500.925.100.125,Dutasteride
D000068543,B01.650.940.800.575.912.250.583.190,Calceolariaceae
D000068556,D12.644.276.374.440.890.275.500;D12.776.467.374.440.890.275.500;D23.529.374.440.890.275.500,Interferon beta-1a
D000068557,D03.383.129.308.674;D03.383.129.617.584,Olmesartan Medoxomil
D000068558,D03.383.129.308.674.500;D03.383.129.617.584.500;D03.383.725.203.065.500;D26.310.063,"Amlodipine Besylate, Olmesartan Medoxomil Drug Combination"
D000068576,D12.644.276.374.440.890.275.750;D12.776.467.374.440.890.275.750;D23.529.374.440.890.275.750,Interferon beta-1b
D000068577,D02.033.100.291.491;D02.092.063.291.503;D03.383.663.283.755;D03.633.100.150.755,Nebivolol
D000068579,D02.065.884.247;D02.886.590.700.247;D03.383.129.539.160,Celecoxib
D000068580,D03.633.100.079.900;D03.633.100.857.942,Varenicline
D000068581,D03.383.725.150.500;D03.633.100.473.155.500;D03.633.300.154.672,Tadalafil
D000068582,D05.750.741.125;D12.644.541.500.650.250;D12.776.124.486.485.114.224.060.500;D12.776.124.486.485.680.650.250;D12.776.124.790.651.114.224.060.500;D12.776.124.790.651.680.650.250;D12.776.377.715.548.114.224.200.500;D12.776.377.715.548.680.650.250,Certolizumab Pegol
D000068597,I01.880.604.238;K01.752.566.479.173.200;N05.350.670.250,"Censorship, Research"
D000068598,E05.318.308.028;E05.318.370.725.250;L01.399.250.202;N05.715.360.300.202;N05.715.360.325.685.250,Data Accuracy
D000068599,D02.033.100.624.915.500;D02.033.755.624.915.500;D02.092.063.624.915.500;D02.886.675.867.768.500;D03.383.129.708.867.768.500;D03.633.100.857.070.500;D26.310.312,"Brimonidine Tartrate, Timolol Maleate Drug Combination"
D000068600,D02.033.100.291.057.125;D02.092.063.291.057.125;D02.092.471.683.061.125;D02.145.074.722.229.400.500;D03.132.760.180.572.400.500;D03.132.889.180.648.400.500;D03.605.084.500.722.229.400.500;D03.605.869.229.400.500;D26.310.344,"Albuterol, Ipratropium Drug Combination"
D000068601,H01.770.644.217,Dual Use Research
D000068616,K01.752.566.479.171.566;N05.350.340.581,Professionalism
D000068617,G05.346,Genetic Background
D000068618,E05.820.150.760;G05.090.701,Selective Breeding
D000068636,I01.076.201.450.515.500,Legendary Creatures
D000068656,D04.210.500.745.432.719.526,Mometasone Furoate
D000068676,B01.650.940.800.575.912.250.825.359.590,Fallopia multiflora
D000068677,D02.065.884.675;D02.886.590.700.675;D03.383.606.854;D03.633.100.759.824,Sildenafil Citrate
D000068678,D02.626.809.500;D02.705.429.906.500;D03.383.742.680.245.500.600.500;D03.383.742.755.500;D03.633.100.759.138.881.500;D26.310.407,"Emtricitabine, Rilpivirine, Tenofovir Drug Combination"
D000068679,D03.383.742.680.245.500.600;D13.570.230.329.525;D13.570.685.245.500.600,Emtricitabine
D000068696,D02.626.809;D03.383.742.755,Rilpivirine
D000068698,D02.705.429.906;D03.633.100.759.138.881,Tenofovir
D000068717,D12.644.219,Glatiramer Acetate
D000068718,D02.065.884.650;D02.455.526.510.432.500;D02.886.590.700.650;D03.383.742.775,Rosuvastatin Calcium
D000068736,D02.886.778.260;D03.383.903.260,Duloxetine Hydrochloride
D000068737,D02.033.100.624.706.750;D02.033.755.624.706.750;D02.092.063.624.706.800;D02.455.426.559.389.115.900;D02.455.426.559.389.657.239.756,Tolterodine Tartrate
D000068756,D03.383.129.617.850;D12.125.070.950.550;D12.125.142.930.500,Valsartan
D000068757,B01.650.940.800.575.912.250.401.604,Ononis
D000068758,D02.033.100.291.425.500;D02.092.063.291.425.500;D04.210.500.745.432.719.526.500;D26.310.469,"Mometasone Furoate, Formoterol Fumarate Drug Combination"
D000068759,D02.033.100.291.425;D02.092.063.291.425,Formoterol Fumarate
D000068760,D27.505.519.562.437.693;D27.505.519.625.600.693;D27.505.696.577.600.693,Serotonin and Noradrenaline Reuptake Inhibitors
D000068776,D27.505.696.277.350.500;D27.505.954.427.210.350.500,"Sleep Aids, Pharmaceutical"
D000068796,D27.505.519.625.663;D27.505.696.277.350.500.500;D27.505.696.577.663;D27.505.954.427.210.350.500.500,Orexin Receptor Antagonists
D000068797,D12.644.400.360;D12.776.631.650.363,Orexins
D000068798,B01.650.940.800.575.912.250.456.500.389,Hoodia
D000068799,D02.886.778.600;D03.383.606.800;D03.383.903.600,Prasugrel Hydrochloride
D000068800,D12.644.541.500.697.624;D12.776.124.486.485.538.500.624;D12.776.124.486.485.680.697.624;D12.776.124.790.651.538.500.624;D12.776.124.790.651.680.660.624;D12.776.377.715.548.538.500.624;D12.776.377.715.548.680.660.624;D12.776.543.750.705.852.760.232,Etanercept
D000068801,D02.241.223.100.133.500;D02.455.426.559.389.127.133.500;D02.455.426.559.847.638.090.500;D04.615.638.090.500;D26.310.032,"Adapalene, Benzoyl Peroxide Drug Combination"
D000068816,D02.455.426.559.847.638.090;D04.615.638.090,Adapalene
D000068817,D12.644.276.374.410.240.150.500;D12.776.395.240.150.750;D12.776.467.374.410.240.150.500;D23.529.374.410.240.150.750,Epoetin Alfa
D000068818,D12.776.124.486.485.114.224.060.750;D12.776.124.790.651.114.224.060.750;D12.776.377.715.548.114.224.200.750,Cetuximab
D000068819,B01.650.940.800.575.912.250.583.520.330,Hyssopus Plant
D000068836,D02.241.081.251.583.899,Rivastigmine
D000068837,B01.300.107.685;B01.300.340.458,Parmeliaceae
D000068838,D03.383.129.617.850.500;D03.383.725.203.065.750;D12.125.070.950.550.500;D12.125.142.930.500.500;D26.310.094,"Amlodipine, Valsartan Drug Combination"
D000068856,B01.650.940.800.575.912.250.773.374,Eugenia
D000068857,D20.215.894.815.455;D20.215.894.899.498.500,"Human Papillomavirus Recombinant Vaccine Quadrivalent, Types 6, 11, 16, 18"
D000068858,D20.215.784.844.500;G07.203.100.831.500;G07.203.200.625;J02.200.831.500;J02.350.625,Kombucha Tea
D000068876,D02.033.100.700.350;D02.033.455.706.431;D02.092.063.700.350,Fingolimod Hydrochloride
D000068877,D02.065.277.456;D02.241.223.100.100.435;D02.455.426.559.389.127.085.465;D03.383.606.405;D03.383.742.349,Imatinib Mesylate
D000068878,D12.776.124.486.485.114.224.060.875;D12.776.124.790.651.114.224.060.875;D12.776.377.715.548.114.224.200.875,Trastuzumab
D000068879,D12.776.124.486.485.114.224.060.250;D12.776.124.790.651.114.224.060.250;D12.776.377.715.548.114.224.200.250,Adalimumab
D000068880,D06.472.699.587.200.300.200.500;D06.472.699.587.200.500.625.500.500;D12.644.548.586.200.300.200.500;D12.644.548.586.200.500.625.500.500,"Isophane Insulin, Human"
D000068881,B01.050.050.126,"Animals, Exotic"
D000068882,D03.383.129.385.650;D03.383.742.592,Paliperidone Palmitate
D000068884,G07.345.124.390;G12.460.500,Immunosenescence
D000068896,D02.886.778.075;D03.383.903.075;D09.408.348.113,Canagliflozin
D000068897,G01.590.310,Iridescence
D000068898,D03.383.773.812.752,Raltegravir Potassium
D000068899,D02.078.370.141.450.500;D03.383.129.799.725.500;D03.383.679.875.500;D26.310.750,"Sitagliptin Phosphate, Metformin Hydrochloride Drug Combination"
D000068900,D03.383.129.799.725;D03.383.679.875,Sitagliptin Phosphate
D000068916,E05.318.740.750.862;E05.318.740.933.375;N05.715.360.750.695.825;N05.715.360.750.746.375;N06.850.520.830.750.862;N06.850.520.830.933.375,Spatial Regression
D000068936,E01.894;E02.785.500;E02.921;H01.603.600.500;H02.403.200.700.500;H02.403.845;J01.897.520.600.600.500,Theranostic Nanomedicine
D000068937,D26.074;D27.720.269.285,Cosmeceuticals
D000068956,E05.385.500,Prisoner Dilemma
D000068957,I03.450.642.693.465,"Games, Recreational"
D000068958,I03.450.642.845.605,Return to Sport
D000068959,G07.345.249.314.120.250,Body Weight Maintenance
D000068977,N04.452.758.708.450.500,Concierge Medicine
D000068997,L01.178.847.698.300.250;L01.224.230.260.550.500.750,Smartphone
D000068998,E07.451;J01.494.650,Humidifiers
D000069,I01.076.201.450.050;I01.880.853.100.079,Acculturation
D000069036,D06.472.699.587.200.300.100;D12.644.548.586.200.300.100,Insulin Glargine
D000069056,D02.886.675.414;D03.383.129.708.414;D03.633.100.513.437,Lurasidone Hydrochloride
D000069057,D06.472.699.587.200.300.050;D12.644.548.586.200.300.050,Insulin Detemir
D000069058,D03.383.129.308.980;D03.383.606.960,Vardenafil Dihydrochloride
D000069059,D03.383.129.578.075;D10.251.450.200,Atorvastatin
D000069076,C26.404.280;C26.640.500,"Fractures, Multiple"
D000069077,F02.463.425.540.305.500,Memory Consolidation
D000069078,G12.800,Seroconversion
D000069079,G01.750.748;N06.850.460.350.850,Radiation Exposure
D000069098,E05.318.308.940.968.625.750;L01.313.500.750.300.695.300;N04.452.653.250;N04.452.859.564.650.250;N05.715.360.300.715.500.530.500;N06.850.520.308.940.968.625.500,Health Smart Cards
D000069177,D05.500.890.500.500,Type I Secretion Systems
D000069178,D05.500.890.500.750,Type II Secretion Systems
D000069196,G06.591.375;G16.500.275.157.049.100.500.375;N06.230.124.049.100.500.250,Gastrointestinal Microbiome
D000069216,E05.318.308.980.313;N05.715.360.300.800.313;N06.850.520.308.980.313,Contraceptive Prevalence Surveys
D000069236,A07.541.795.500;A10.615.789.470.500;A12.207.270.651,Pericardial Fluid
D000069237,E01.370.225.998.329.465;E02.800.550.310;E04.665.600.465;E05.200.998.329.465,Arthrocentesis
D000069258,E01.370.225.998.329.810;E02.800.550.810;E04.665.600.810;E05.200.998.329.810,Thoracentesis
D000069259,A01.456.505.875;A01.598.500,Superficial Musculoaponeurotic System
D000069261,A11.284.180.695;A11.436.275.841,Podosomes
D000069262,A02.165.308.650;A02.513.514.538;A02.835.583.378.531.500;A02.835.583.378.900.500;A02.835.583.512.538;A10.165.382.350.400;A10.165.669.514.538,Plantar Plate
D000069263,B01.650.940.800.575.912.250.825.359,Fallopia
D000069278,E04.100.376.031;E04.928.220.055,Arterial Switch Operation
D000069279,C10.228.140.490.125,Drug Resistant Epilepsy
D000069280,E01.370.376.300.294;E01.370.405.245.431,Electrocorticography
D000069281,C10.228.140.617.738.275.500;C19.700.419.500;C20.111.273,Autoimmune Hypophysitis
D000069282,C11.496.221.500,Canaliculitis
D000069283,D12.776.124.486.485.114.224.075.785;D12.776.124.790.651.114.224.075.785;D12.776.377.715.548.114.224.284.785,Rituximab
D000069284,D05.500.890,Protein Translocation Systems
D000069285,D12.776.124.486.485.114.224.608;D12.776.124.790.651.114.224.537;D12.776.377.715.548.114.224.642,Infliximab
D000069286,D01.029.260.110.500;D01.132.285.500;D02.203.200.500;D03.383.679.450,Bortezomib
D000069287,D03.383.742.680.245.500.425;D03.383.742.698.875.404.425;D13.570.230.329.313;D13.570.685.245.500.425,Capecitabine
D000069289,G07.345.500.550.875,Parasite Encystment
D000069290,C23.300.707.945;C23.550.767.500,Incisional Hernia
D000069292,G04.146.954.035.530,Pyroptosis
D000069293,C04.557.386.480.150.585.500;C15.604.515.569.480.150.585.500;C20.683.515.761.480.150.585.500,Plasmablastic Lymphoma
D000069294,D05.500.890.750,Twin-Arginine-Translocation System
D000069295,C04.557.470.200.588,Mammary Analogue Secretory Carcinoma
D000069296,D05.500.890.500.875,Type III Secretion Systems
D000069316,C17.800.030.150.500;C17.800.794.111.500,Acne Conglobata
D000069319,D05.500.890.500.937,Type IV Secretion Systems
D000069320,D05.500.890.500.968,Type V Secretion Systems
D000069321,E02.875.800.750.350;E05.200.500.380.250;E05.393.085.250;E05.820.800.750.350,Mitochondrial Replacement Therapy
D000069322,E07.695.750.750,Self Expandable Metallic Stents
D000069336,G09.330.100.159.500,Neurovascular Coupling
D000069337,C12.706.445;C13.351.875.420;C16.131.939.445,Fused Kidney
D000069338,H01.158.610.184;H02.403.600.250;H02.403.650.375,Neuropathology
D000069339,E04.950.300.399.690,Trachelectomy
D000069340,E02.319.243,Deprescriptions
D000069341,E02.760.169.812;E02.760.940;N02.421.585.169.812;N02.421.585.940;N04.590.233.727.210.812,Transitional Care
D000069342,N02.421.380.450;N05.300.150.395.450,Medical Overuse
D000069343,A02.835.232.022;A10.165.265.183;E07.695.125,Bone-Implant Interface
D000069347,D03.633.100.786.375,Erlotinib Hydrochloride
D000069348,D02.886.680.702.500.500;D03.633.300.276.500,Quetiapine Fumarate
D000069349,D02.065.064.463;D02.241.081.018.110.525;D03.383.129.462.600.550,Linezolid
D000069350,E02.760.169.063.500.891;E02.831.891;H02.403.680.600.937;H02.403.840.850;L01.178.847.652.850;N02.421.784.840;N04.590.374.800.850,Telerehabilitation
D000069356,E01.370.225.998.329.905;E02.800.550.905;E04.665.600.905;E05.200.998.329.905,Tympanocentesis
D000069376,D05.500.890.500.984,Type VI Secretion Systems
D000069377,D05.500.890.500.992,Type VII Secretion Systems
D000069396,A11.284.430.214.190.875.564.755;A11.284.430.214.190.875.811.370,Mitochondrial Ribosomes
D000069416,E01.370.350.515.277;E05.595.185,Intravital Microscopy
D000069436,G07.690.936,Toxicological Phenomena
D000069437,G07.690.773,Pharmacological Phenomena
D000069438,D03.383.082.301.550,Ezetimibe
D000069439,D02.886.675.184;D03.383.129.708.198;D03.383.742.148,Dasatinib
D000069442,D12.776.124.486.485.114.224.060.813;D12.776.124.790.651.114.224.060.813;D12.776.377.715.548.114.224.200.813,Natalizumab
D000069443,D20.215.894.135.750.600.500;D20.215.894.815.410,Heptavalent Pneumococcal Conjugate Vaccine
D000069444,D12.776.124.486.485.114.071.500;D12.776.124.486.485.114.224.060.844;D12.776.124.790.651.114.071.500;D12.776.124.790.651.114.224.060.844;D12.776.377.715.548.114.071.500;D12.776.377.715.548.114.224.200.844,Omalizumab
D000069445,D02.092.831.085,Atomoxetine Hydrochloride
D000069446,D03.383.725.068;D12.644.456.157,Atazanavir Sulfate
D000069447,D02.145.074.722.822.887;D03.132.889.601.887;D03.605.084.500.722.822.887;D03.605.869.822.887,Tiotropium Bromide
D000069448,D12.776.124.486.485.114.224.060.782;D12.776.124.790.651.114.224.060.782;D12.776.377.715.548.114.224.200.782,Denosumab
D000069449,D02.455.426.559.847.638.183;D04.615.638.183,Cinacalcet
D000069450,D06.472.317.680.500.500.500,Liraglutide
D000069451,C23.550.543,Long Term Adverse Effects
D000069452,D23.585,Pathogen-Associated Molecular Pattern Molecules
D000069453,G01.750.770.776.891,Ultrasonic Waves
D000069454,D02.065.884.438;D02.241.081.251.222;D02.886.590.700.400;D03.383.312.303,Darunavir
D000069455,D12.776.124.486.485.114.224.060.860;D12.776.124.790.651.114.224.060.860;D12.776.377.715.548.114.224.200.860,Palivizumab
D000069456,G05.365.590.803,Silent Mutation
D000069457,I01.320.500;N01.224.667,Population Forecast
D000069458,D02.065.199.092.850;D02.092.146.113.092.850;D03.383.606.841,Ranolazine
D000069459,D20.215.784.937;G07.203.100.950;J02.200.950,"Teas, Herbal"
D000069460,G07.203.100.975;J02.200.975,"Teas, Medicinal"
D000069461,D02.241.081.114.625;D02.455.526.728.650.103;D03.633.100.103.123,Bendamustine Hydrochloride
D000069462,D02.241.081.337.302.500,Dimethyl Fumarate
D000069463,D10.212.302.380.580;D10.212.507.650;D10.627.700.728;G07.203.300.375.400.500;J02.500.375.400.500,Olive Oil
D000069464,D03.605.687.900;D03.633.100.531.820.594,Solifenacin Succinate
D000069465,D02.886.675.274;D03.383.129.708.274,Febuxostat
D000069466,G07.203.300.600.813;J02.500.600.813,Red Meat
D000069467,E02.095.231,Fecal Microbiota Transplantation
D000069468,D02.033.415.510.500.303;D02.455.426.392.368.367.318.500;D02.455.426.559.389.657.265;D10.289.510.500.303,Desvenlafaxine Succinate
D000069469,H02.478.676.403;N02.421.533.475,Medical-Surgical Nursing
D000069470,D02.033.415.510.500.901;D02.092.471.683.948;D02.455.426.392.368.367.318.750;D10.289.510.500.901,Venlafaxine Hydrochloride
D000069471,M01.526.485.810.910.750;N02.360.810.910.750,Neurosurgeons
D000069472,D02.092.050.500;D02.455.326.271.122.100.500,Colesevelam Hydrochloride
D000069473,E02.815.639.200.500,Radiation Dose Hypofractionation
D000069474,D03.383.742.686.850.877.500;D13.695.740.850.877.500;D13.695.827.919.877.500,Sofosbuvir
D000069475,E02.815.791;E02.887.500,Re-Irradiation
D000069476,D03.633.100.759.562;D03.633.100.786.563,Linagliptin
D000069478,D02.092.471.683.152.110.200.500,Lisdexamfetamine Dimesylate
D000069479,D03.132.577.249.150.500;D03.132.577.249.706.275;D03.605.497.150.500;D03.605.497.750.275;D03.633.400.686.150.500;D03.633.400.686.750.275;D04.615.723.795.150.500;D04.615.723.795.706.275;D26.310.352,"Buprenorphine, Naloxone Drug Combination"
D000069480,D02.705.429.906.750;D03.383.742.680.245.500.600.750;D03.633.100.759.138.881.750;D13.570.230.329.525.500;D13.570.685.245.500.600.500;D26.310.423,"Emtricitabine, Tenofovir Disoproxil Fumarate Drug Combination"
D000069497,G16.650;I01.076.368.584.542,Origin of Life
D000069499,D02.455.426.559.847.638.400.900.500;D03.383.082.301.550.500;D04.615.638.400.900.500;D26.310.431,"Ezetimibe, Simvastatin Drug Combination"
D000069501,D04.210.500.054.079.065,Abiraterone Acetate
D000069502,D02.033.100.291.425.250;D02.092.063.291.425.250;D04.210.500.745.745.654.105.500;D26.310.348,"Budesonide, Formoterol Fumarate Drug Combination"
D000069503,D03.383.606.980;D03.633.100.127.818;D03.633.100.473.957,Vilazodone Hydrochloride
D000069516,I01.880.604.583.466;N03.706.535.533,International Law
D000069520,V01.175.125;V02.170.250;V02.530.150.250,Blog
D000069537,J03.850.500;N02.421.143.065,Adult Day Care Centers
D000069544,C01.207.399;C10.228.140.430.520;C10.228.228.399,Infectious Encephalitis
D000069545,D02.241.081.251.203.500;D02.705.429.906.250;D02.886.675.182.500;D03.383.129.708.189.500;D03.383.742.680.245.500.600.250;D03.633.100.759.138.881.250;D13.570.230.329.525.250;D13.570.685.245.500.600.250;D26.310.391,"Elvitegravir, Cobicistat, Emtricitabine, Tenofovir Disoproxil Fumarate Drug Combination"
D000069547,D02.241.081.251.203;D02.886.675.182;D03.383.129.708.189,Cobicistat
D000069549,D12.776.124.486.485.114.224.060.937;D12.776.124.790.651.114.224.060.937;D12.776.377.715.548.114.224.200.937,Ustekinumab
D000069550,G17.035.250.500;L01.224.050.375.530,Machine Learning
D000069551,F04.096.628.033,Environmental Psychology
D000069552,D02.886.778.727;D03.383.533.640.713;D03.383.903.727,Rivaroxaban
D000069553,G17.035.250.500.500;L01.224.050.375.530.500,Supervised Machine Learning
D000069555,E02.319.267.530.655,"Injection, Intratympanic"
D000069557,D10.251.355.255.550.775.500.175.500;D23.469.050.175.725.775.500.175.500;D23.469.700.670.175.500,Travoprost
D000069558,G17.035.250.500.750;L01.224.050.375.530.750,Unsupervised Machine Learning
D000069559,D04.210.500.054.079.129.284,Loteprednol Etabonate
D000069576,N04.590.374.350.500;N05.300.430.383,Health Equity
D000069577,E04.502.648,Morcellation
D000069578,C01.936,Waterborne Diseases
D000069579,D12.776.124.486.485.114.224.060.868;D12.776.124.790.651.114.224.060.868;D12.776.377.715.548.114.224.200.868,Ranibizumab
D000069580,D02.065.141;D10.251.355.255.550.775.500.175.250;D23.469.050.175.725.775.500.175.250;D23.469.700.670.175.250,Bimatoprost
D000069581,I01.880.735.900.869,Exposure to Violence
D000069582,D03.383.606.398;D03.383.679.600;D03.383.725.322,Eszopiclone
D000069583,D02.241.081.114.500.350.500;D12.125.190.350.450,Pregabalin
D000069584,C04.588.180.800;C17.800.090.500.682,Unilateral Breast Neoplasms
D000069585,D12.644.276.374.410.240.350.500;D12.776.395.240.200.500;D12.776.467.374.410.240.350.500;D23.529.374.410.240.350.500,Filgrastim
D000069586,M01.860.300,Adult Survivors of Child Adverse Events
D000069590,A02.513.901;A10.165.669.901,Round Ligaments
D000069592,A02.513.901.750;A03.620.575;A10.165.669.901.750,Round Ligament of Liver
D000069593,A02.513.514.800;A02.513.901.500;A02.835.583.411.500;A02.835.583.512.950;A10.165.669.514.800;A10.165.669.901.500,Round Ligament of Femur
D000069594,D12.776.124.790.651.114.580.225;D12.776.377.715.548.114.580.225,Abatacept
D000069597,F02.784.692.586;F04.096.628.779.450,Presenteeism
D000069599,J01.040.227,Crop Production
D000069600,J01.040.227.500,Plant Breeding
D000069601,J01.040.237,Crop Protection
D000069602,M01.987,Working Poor
D000069603,D02.092.782.634,Sevelamer
D000069604,D03.383.725.192;D03.633.100.103.280,Dabigatran
D000069605,D03.633.300.382.696,Olopatadine Hydrochloride
D000069616,D02.886.590.700.700;D03.633.300.819,Simeprevir
D000069636,M01.665,Pedestrians
D000069756,M01.189.500,Undocumented Immigrants
D000069796,A10.165.114.161,"Adipose Tissue, Beige"
D000069797,A11.329.114.125,"Adipocytes, Beige"
D000069816,D05.500.890.625;D12.776.157.530.875;D12.776.543.585.875,SEC Translocation Channels
D000069836,C26.808.500,Degloving Injuries
D000069856,C12.777.419.600.500.500;C12.777.967.249.500.500;C12.777.967.500.503.500;C13.351.968.419.600.500.500;C13.351.968.967.249.500.500;C13.351.968.967.500.503.500;C23.300.175.850.550.500,Staghorn Calculi
D000069877,D01.029.260.700.675.374.887;D01.524.775;D01.695.625.675.650.887,Struvite
D000069896,D08.811.277.352.335.350.850;D12.776.828.300.850,Transcription Activator-Like Effector Nucleases
D000069916,E01.370.372.250.250.250;E01.370.388.250.250.250.230;E04.210.240.250.230;E04.502.250.250.250.230,Endoscopic Mucosal Resection
D000069956,G07.203.300.195;J02.500.195,Chocolate
D000069976,B03.300.390.400.158.218.376;B03.353.500.100.218.376;B03.510.100.100.218.376;B03.510.415.400.158.218.376;B03.510.460.410.158.218.376,Bacillus licheniformis
D000069977,B03.300.390.400.158.218.076;B03.353.500.100.218.076;B03.510.100.100.218.076;B03.510.415.400.158.218.076;B03.510.460.410.158.218.076,Bacillus amyloliquefaciens
D000069978,B03.510.024.100.500;B03.510.460.400.400.049.100.500,Bifidobacterium longum
D000069979,B03.300.390.400.158.218.613;B03.353.500.100.218.613;B03.510.100.100.218.613;B03.510.415.400.158.218.613;B03.510.460.410.158.218.613,Bacillus pumilus
D000069980,B03.353.750.450.475.559;B03.510.460.400.410.475.475.559;B03.510.550.450.475.559,Lactobacillus paracasei
D000069981,B03.440.450.425.325.300.800.250.250;B03.660.250.150.180.100.800.250.250,Escherichia coli O104
D000069982,B03.510.024.100.250;B03.510.460.400.400.049.100.250,Bifidobacterium animalis
D000069983,B01.300.107.795.785.400;B01.300.930.705.328,Saccharomyces boulardii
D000069984,B03.510.024.100.375;B03.510.460.400.400.049.100.375,Bifidobacterium breve
D000069985,B03.510.024.100.313;B03.510.460.400.400.049.100.313,Bifidobacterium bifidum
D000069996,B03.353.750.450.475.850;B03.510.460.400.410.475.475.850;B03.510.550.450.475.850,Lactobacillus salivarius
D000069997,D20.215.721.500.626,Mastic Resin
D000069998,B03.353.750.450.475.363;B03.510.460.400.410.475.475.363;B03.510.550.450.475.363,Lactobacillus gasseri
D000069999,B03.353.750.450.475.453;B03.510.460.400.410.475.475.453;B03.510.550.450.475.453,Lactobacillus johnsonii
D000070,D02.033.100.624.698.025;D02.033.755.624.698.025;D02.092.063.624.698.025,Acebutolol
D000070000,B03.300.390.400.158.218.314;B03.353.500.100.218.314;B03.510.100.100.218.314;B03.510.415.400.158.218.314;B03.510.460.410.158.218.314,Bacillus coagulans
D000070001,B03.353.750.737.872.663;B03.510.400.800.872.663;B03.510.550.737.872.663,Streptococcus salivarius
D000070002,B03.510.024.990.600.800;B03.510.460.400.400.600.600.800,Propionibacterium freudenreichii
D000070003,B03.353.750.450.475.238;B03.510.460.400.410.475.475.238;B03.510.550.450.475.238,Lactobacillus crispatus
D000070004,B01.650.940.800.575.912.250.583.520.647.750,Ocimum sanctum
D000070005,B03.510.024.100.125;B03.510.460.400.400.049.100.125,Bifidobacterium adolescentis
D000070006,B03.353.750.450.737.750;B03.510.550.450.737.750,Pediococcus pentosaceus
D000070007,B03.353.750.475.450.500;B03.510.550.475.450.500,Leuconostoc mesenteroides
D000070016,B03.353.750.450.737.500;B03.510.550.450.737.500,Pediococcus acidilactici
D000070017,D12.776.097.151.743;D12.776.543.695.110.850,Pediocins
D000070018,B03.353.750.450.475.586;B03.510.460.400.410.475.475.586;B03.510.550.450.475.586,Lactobacillus pentosus
D000070019,B03.300.390.400.158.218.283;B03.353.500.100.218.283;B03.510.100.100.218.283;B03.510.415.400.158.218.283;B03.510.460.410.158.218.283,Bacillus clausii
D000070036,B03.353.625.766;B03.440.425.410.413,Faecalibacterium
D000070037,B03.353.625.766.500;B03.440.425.410.413.500,Faecalibacterium prausnitzii
D000070057,B03.300.390.400.645.750;B03.353.500.645.750;B03.510.100.645.750;B03.510.415.400.645.750;B03.510.460.410.645.750;B03.585.860,Paenibacillus polymyxa
D000070058,B03.353.750.737.872.405;B03.510.400.800.872.405;B03.510.550.737.872.405,Streptococcus iniae
D000070059,B03.300.390.400.645.500;B03.353.500.645.500;B03.510.100.645.500;B03.510.415.400.645.500;B03.510.460.410.645.500,Paenibacillus larvae
D000070060,B03.440.400.425.180.500;B03.660.125.050.500,Bdellovibrio bacteriovorus
D000070076,B03.353.750.250.250.475;B03.510.550.250.250.475,Enterococcus hirae
D000070077,B03.440.080.094.152.700;B03.440.425.410.194.152.700,Bacteroides thetaiotaomicron
D000070079,B03.440.450.019.025.845,Aeromonas veronii
D000070096,B03.440.400.425.625.625.223;B03.660.250.580.590.140,Pseudomonas chlororaphis
D000070097,B03.353.625.250.500,Butyrivibrio fibrisolvens
D000070098,B03.300.390.400.158.218.345;B03.353.500.100.218.345;B03.510.100.100.218.345;B03.510.415.400.158.218.345;B03.510.460.410.158.218.345,Bacillus firmus
D000070099,B03.353.750.737.872.243;B03.510.400.800.872.243;B03.510.550.737.872.243,Streptococcus gallolyticus
D000070100,I01.791.500,Informal Sector
D000070101,B03.440.425.400.500.500,Megasphaera elsdenii
D000070116,B01.650.940.800.575.912.250.401.565,Lotus
D000070136,D12.776.157.464,Lipid Droplet Associated Proteins
D000070137,D12.776.157.464.500,Perilipins
D000070156,D12.776.395.550.448.738;D12.776.543.484.500.738;D12.776.543.550.418.738;D12.776.543.750.600;D12.776.631.651,Nogo Receptors
D000070177,B01.650.940.800.575.912.250.583.520.754,Pogostemon
D000070197,B03.353.750.737.872.243.500;B03.510.400.800.872.243.500;B03.510.550.737.872.243.500,Streptococcus gallolyticus subspecies gallolyticus
D000070216,B01.650.940.800.575.912.250.100.605,Psacalium
D000070236,B03.510.024.100.500.500;B03.510.460.400.400.049.100.500.500,Bifidobacterium longum subspecies infantis
D000070256,B03.353.750.450.475.775;B03.510.460.400.410.475.475.775;B03.510.550.450.475.775,Lactobacillus sakei
D000070257,B03.510.024.100.750;B03.510.460.400.400.049.100.750,Bifidobacterium pseudocatenulatum
D000070260,I02.358.984,Teacher Training
D000070263,F01.145.488.725;F02.830.855.734,Sleep Hygiene
D000070276,E01.370.370.380.425;E01.370.600.315,Heart Rate Determination
D000070297,G01.154.090.625,Orthodontic Friction
D000070316,H02.403.250.500;H02.403.670.450,Pediatric Emergency Medicine
D000070318,N04.452.718.500,Strategic Planning
D000070319,N02.278.912,Student Run Clinic
D000070337,I01.261.506,Expropriation
D000070356,M01.526.727,Pilots
D000070357,B01.650.940.800.575.912.250.618.100.060,Asparagaceae
D000070376,N03.219.521.576.343.972;N04.761.744.750,Value-Based Health Insurance
D000070377,I03.088,Anti-Vaccination Movement
D000070378,B01.650.940.800.575.912.250.618.100.050,Amaryllidaceae
D000070379,F02.830.104.214.500,Attentional Bias
D000070380,B01.650.940.800.575.912.250.618.100.970,Xanthorrhoeaceae
D000070381,B01.650.940.800.575.912.250.618.100,Asparagales
D000070396,B01.650.940.800.575.912.250.618.875,Liliales
D000070416,D13.695.578.424.112,Antagomirs
D000070436,B03.440.080.850.500,Tannerella forsythia
D000070437,B01.650.940.800.575.912.250.618.875.175,Colchicaceae
D000070456,N02.421.297.036,Call Centers
D000070476,B01.650.940.800.575.912.250.618.100.230,Hypoxidaceae
D000070496,E01.370.600.024.450;N06.850.505.200.100.700,Kinanthropometry
D000070497,F01.829.458.205,Healthy Lifestyle
D000070516,N04.226,Intersectoral Collaboration
D000070536,N05.715.360.425,Independent Medical Evaluation
D000070538,G02.111.570.820.709.275.750.125,C2 Domains
D000070539,G02.111.570.820.709.275.750.469,Pleckstrin Homology Domains
D000070556,B01.650.940.800.575.912.250.618.875.625,Melanthiaceae
D000070557,G02.111.570.820.709.275.750.250,Immunoglobulin Domains
D000070558,C05.330.488.655;C05.330.495.681;C05.660.585.512.380.813;C16.131.621.585.512.500.681,Talipes
D000070559,A13.433,"Gizzard, Non-avian"
D000070576,D12.644.360.539,NLR Proteins
D000070579,D12.776.637,Parkinson Disease Associated Proteins
D000070580,G02.111.570.820.709.275.500.985.250,CYS2-HIS2 Zinc Fingers
D000070584,D12.776.934,Tripartite Motif Proteins
D000070585,D12.776.395.550.200.188;D12.776.543.131,Cadherin Related Proteins
D000070586,I01.655.125,Fiscal Policy
D000070587,F04.711.513.502,Mental Navigation Tests
D000070589,C05.330.488.655.500;C05.330.495.681.500;C05.660.585.512.380.813.500;C16.131.621.585.512.500.681.500,Talipes Cavus
D000070590,D12.776.157.530.937;D12.776.543.585.937,Solute Carrier Proteins
D000070591,C05.330.663,Metatarsal Valgus
D000070592,C05.330.711,Metatarsus Varus
D000070593,G02.111.570.820.709.275.750.438,Methyl CpG Binding Domain
D000070597,A02.835.232.087.783.356,Coracoid Process
D000070598,C26.558.554.213,Anterior Cruciate Ligament Injuries
D000070599,C26.803,Shoulder Injuries
D000070600,C26.558.781,Tibial Meniscus Injuries
D000070601,E02.642.249.220;G07.203.650.240.120,"Diet, Carbohydrate Loading"
D000070602,A02.835.232.570,Rib Cage
D000070603,C05.116.296,Coxa Magna
D000070604,C05.116.099.370.894.909;C05.330.495.787;C05.660.585.512.380.875;C05.660.906.909;C16.131.621.585.512.500.787;C16.131.621.906.909,Tarsal Coalition
D000070606,A02.083,Aponeurosis
D000070607,C05.360.500.500;C05.550.610.500;C10.668.829.600.375;C23.888.592.612.540.500;C23.888.592.612.664.275,Morton Neuroma
D000070614,A02.165.308.410.500;A02.835.232.834.432.500;A10.165.382.350.050.500,Nucleus Pulposus
D000070616,A02.165.308.410.250;A02.835.232.834.432.250;A10.165.382.350.050.250,Annulus Fibrosus
D000070617,C26.599,"Microtrauma, Physical"
D000070621,E01.370.350.700.830.500;E01.370.390.830.500,Cystography
D000070624,C10.228.140.199.444.375;C10.900.300.087.235.375;C26.915.300.200.194.375;C26.974.250.500,Brain Contusion
D000070625,C10.228.140.199.388;C10.900.300.087.219;C26.915.300.200.188,"Brain Injuries, Diffuse"
D000070627,C10.228.140.199.444.500;C10.228.140.199.500.500;C10.574.250;C10.900.300.087.235.500;C10.900.300.087.250.500;C26.915.300.200.194.500;C26.915.300.200.200.500,Chronic Traumatic Encephalopathy
D000070628,E04.555.300.150,Closed Fracture Reduction
D000070630,C05.550.518.288;C26.289.288,"Diastasis, Muscle"
D000070631,C05.550.518.192;C26.289.192,"Diastasis, Bone"
D000070632,A02.880.307,Hamstring Tendons
D000070633,A02.633.567.450;A10.690.552.500.250,Hamstring Muscles
D000070634,G02.111.820.690;G03.493.628;G04.835.690,Non-Neuronal Cholinergic System
D000070635,E07.695.698,Punctal Plugs
D000070636,C26.761.340;C26.803.063;C26.874.400,Rotator Cuff Injuries
D000070637,A02.513.514.162.250;A02.835.583.512.162.250;A10.165.669.514.162.250,"Collateral Ligament, Ulnar"
D000070638,E02.718.750;E04.555.860;E04.680.900,Ulnar Collateral Ligament Reconstruction
D000070639,C05.651.869.435;C26.874.800.500,Elbow Tendinopathy
D000070642,C10.228.140.199.444;C10.900.300.087.235;C26.915.300.200.194,"Brain Injuries, Traumatic"
D000070656,C05.550.114.264.500;C05.550.354.250,Rotator Cuff Tear Arthropathy
D000070657,C05.550.354,Crystal Arthropathies
D000070658,B01.650.940.800.575.912.250.401.976,Vigna
D000070659,N02.421.585.683,Patient Comfort
D000070660,B01.300.179.120.760.845,Wolfiporia
D000070676,C05.651.869.653;C26.874.800.750,Enthesopathy
D000070677,B01.650.940.800.575.912.250.456,Gentianales
D000070696,A12.790.250;G07.203.100.700.250;G07.203.200.500.222;G07.203.300.350.300.222;G07.203.300.350.525.250;J02.200.700.250;J02.350.500.222;J02.500.350.300.222;J02.500.350.525.250,Buttermilk
D000070716,A12.790.375;G07.203.100.700.375;G07.203.200.500.666;G07.203.300.350.300.666;G07.203.300.350.525.375;J02.200.700.375;J02.350.500.666;J02.500.350.300.666;J02.500.350.525.375,Kefir
D000070736,A12.790.438;G07.203.100.700.438;G07.203.200.500.777;G07.203.300.350.300.777;G07.203.300.350.525.438;J02.200.700.438;J02.350.500.777;J02.500.350.300.777;J02.500.350.525.438,Koumiss
D000070777,M01.526.702.500,School Teachers
D000070778,D12.776.157.464.500.500,Perilipin-1
D000070779,C04.557.450.565.380.690;C05.550.870.445;C05.651.869.762,Giant Cell Tumor of Tendon Sheath
D000070780,D12.776.157.464.500.750,Perilipin-2
D000070796,D12.776.157.464.500.875,Perilipin-3
D000070797,D12.776.157.464.500.937,Perilipin-5
D000070798,D12.776.543.620.738;D12.776.631.580.738,Nogo Proteins
D000070799,E04.555.300.690,Open Fracture Reduction
D000070816,D12.776.395.550.448.738.500;D12.776.543.484.500.738.500;D12.776.543.550.418.738.500;D12.776.543.750.600.500;D12.776.631.651.500,Nogo Receptor 1
D000070817,D12.776.395.550.448.738.250;D12.776.543.484.500.738.250;D12.776.543.550.418.738.250;D12.776.543.750.600.250;D12.776.631.651.250,Nogo Receptor 2
D000070818,D08.811.913.696.620.682.725.400.005;D12.776.543.750.630.005;D12.776.543.750.685.050;D12.776.543.750.705.880.300,Discoidin Domain Receptors
D000070819,D08.811.913.696.620.682.725.400.005.500;D12.776.543.750.630.005.500;D12.776.543.750.685.050.500;D12.776.543.750.705.880.300.500,Discoidin Domain Receptor 1
D000070820,D08.811.913.696.620.682.725.400.005.750;D12.776.543.750.630.005.750;D12.776.543.750.685.050.750;D12.776.543.750.705.880.300.750,Discoidin Domain Receptor 2
D000070821,D12.776.503.140;D12.776.820.250,Discoidins
D000070822,G02.111.570.820.709.275.750.219,Discoidin Domain
D000070837,D08.811.913.050.134.415,Lysine Acetyltransferases
D000070838,H01.770.644.145.452;H02.646.375,Pharmacy Research
D000070840,H02.646.250,Nuclear Pharmacy
D000070856,I02.903.847.250,High Fidelity Simulation Training
D000070857,E01.370.370.380.250.500,Walk Test
D000070876,D05.750.078.730.719;D12.776.220.525.719,Tensins
D000070896,C26.404.625.500;C26.803.250.500,Bankart Lesions
D000070916,A11.329.840,Tenocytes
D000070918,A11.329.835,Synoviocytes
D000070956,D08.811.074.766;D08.811.277.040.025.215;D12.776.260.540,MutL Proteins
D000070957,D08.811.074.766.500;D08.811.277.040.025.215.500;D12.776.260.540.500,MutL Protein Homolog 1
D000070976,D08.811.074.766.250;D08.811.277.040.025.215.250;D08.811.277.352.335.350.600;D12.776.260.540.250,Mismatch Repair Endonuclease PMS2
D000070996,D12.776.157.530.100.228;D12.776.395.550.020.457;D12.776.543.550.192.457;D12.776.543.585.100.228,"ATP Binding Cassette Transporter, Subfamily G"
D000070997,D12.776.157.530.100.228.500;D12.776.395.550.020.457.500;D12.776.543.550.192.457.500;D12.776.543.585.100.228.500,"ATP Binding Cassette Transporter, Subfamily G, Member 2"
D000070998,D12.776.157.530.100.228.250;D12.776.395.550.020.457.250;D12.776.543.550.192.457.250;D12.776.543.585.100.228.250,"ATP Binding Cassette Transporter, Subfamily G, Member 1"
D000071017,C10.228.590,Hyperekplexia
D000071018,D10.532.137;D12.776.157.530.100.228.750;D12.776.395.550.020.457.750;D12.776.521.181;D12.776.543.550.192.457.750;D12.776.543.585.100.228.750,"ATP Binding Cassette Transporter, Subfamily G, Member 5"
D000071019,D10.532.160;D12.776.157.530.100.228.875;D12.776.395.550.020.457.875;D12.776.521.212;D12.776.543.550.192.457.875;D12.776.543.585.100.228.875,"ATP Binding Cassette Transporter, Subfamily G, Member 8"
D000071020,D12.776.395.550.489.200;D12.776.543.550.439.200;D23.050.301.500.100.363;D23.050.705.552.100.375,Hemochromatosis Protein
D000071036,A10.549.400.750;A15.382.520.604.412.750,Sentinel Lymph Node
D000071037,A08.675.790.500;A11.671.790.500,Place Cells
D000071038,A08.675.324;A11.671.322,Grid Cells
D000071039,A08.186.211.200.885.287.500.863.574,Perirhinal Cortex
D000071040,A08.675.542.145.250;A11.284.180.075.125;A11.671.137.170;A11.671.501.145.250,Axon Initial Segment
D000071041,A03.556.875.500.180;A10.615.550.146,Esophageal Mucosa
D000071056,C06.198.025;C16.131.314.047,Anorectal Malformations
D000071057,C10.228.662.262.500.500;C10.597.350.275.500;C23.888.592.350.275.500,Tardive Dyskinesia
D000071058,D12.776.441,Huntingtin Protein
D000071059,E02.095.841,Phage Therapy
D000071060,E01.370.600.115.275;G07.100.138,Breast Density
D000071061,E01.370.503,Traditional Pulse Diagnosis
D000071062,E04.987.887,Sutureless Surgical Procedures
D000071063,D12.776.543.750.250,Endoglin
D000071064,C23.888.369.500.250;F01.100.050.500;F01.145.126.937.250;N04.761.700.075;N05.300.100.169;N05.700.075,"Alert Fatigue, Health Personnel"
D000071065,E02.183.875;N05.715.360.330.125.750,Standing Orders
D000071066,E05.318.308.980.344.500;N03.349.380.210.750;N04.761.559.590.399.875;N05.425.210.500;N05.715.360.300.800.344.500;N05.715.360.575.575.399.875;N06.850.520.308.980.344.500,Patient Reported Outcome Measures
D000071067,C01.748.610.608;C08.381.677.608;C08.730.610.608,"Pneumonia, Necrotizing"
D000071068,D12.776.124.050.475;D12.776.157.469.325;D12.776.624.664.700.123,Lipocalin-2
D000071069,C23.550.291.500.500,Multiple Chronic Conditions
D000071070,C16.320.298;C17.800.463.375;C18.452.584.718.625,Familial Multiple Lipomatosis
D000071071,C14.907.055.817,Microaneurysm
D000071072,C10.228.140.021,Acute Febrile Encephalopathy
D000071074,C01.757.580;C16.614.627;C23.550.470.790.500.470,Neonatal Sepsis
D000071075,C10.668.829.860,Small Fiber Neuropathy
D000071076,E05.318.370.500.500;E05.581.500.501.500;N05.715.360.325.515.500;N06.850.520.445.500.500,Network Meta-Analysis
D000071077,H02.403.429.515.750;H02.403.810.796,Surgical Oncology
D000071078,C14.907.798,"Stenosis, Pulmonary Vein"
D000071079,C14.907.137.825,"Stenosis, Pulmonary Artery"
D000071080,G07.265.216;G11.561.200,Cortical Excitability
D000071081,N04.761.559.590.399.750;N05.715.360.575.575.399.750,Minimal Clinically Important Difference
D000071085,E01.370.372.250.250.100.750;E01.370.388.250.250.250.070.750;E04.210.240.250.080.750;E04.502.250.250.250.080.500,Single-Balloon Enteroscopy
D000071087,E01.370.372.250.250.100;E01.370.388.250.250.250.070;E04.210.240.250.080;E04.502.250.250.250.080,Balloon Enteroscopy
D000071096,D08.811.277.656.675.374.102.500;D09.400.430.500.500;D12.776.395.033.500;D12.776.860.300.085,ADAMTS Proteins
D000071097,D08.811.277.656.675.374.102.500.500;D09.400.430.500.500.500;D12.776.395.033.500.500;D12.776.860.300.085.500,ADAMTS1 Protein
D000071116,D08.811.277.656.675.374.102.500.875;D09.400.430.500.500.875;D12.776.395.033.500.875;D12.776.860.300.085.875,ADAMTS5 Protein
D000071117,E01.370.225.828;E05.200.828,Laboratory Critical Values
D000071118,D08.811.277.656.675.374.102.500.937;D09.400.430.500.500.937;D12.776.395.033.500.937;D12.776.860.300.085.937,ADAMTS7 Protein
D000071119,D08.811.277.656.675.374.102.500.968;D09.400.430.500.500.968;D12.776.395.033.500.968;D12.776.860.300.085.968,ADAMTS9 Protein
D000071120,D08.811.277.656.675.374.102.500.813;D09.400.430.500.500.813;D12.776.395.033.500.813;D12.776.860.300.085.813,ADAMTS13 Protein
D000071121,D08.811.277.656.675.374.102.500.844;D09.400.430.500.500.844;D12.776.395.033.500.844;D12.776.860.300.085.844,ADAMTS4 Protein
D000071137,D08.811.913.400.725.115.690.420,Poly (ADP-Ribose) Polymerase-1
D000071156,D12.776.624.776.654;D12.776.660.745;D12.776.930.713;D12.776.934.500,Promyelocytic Leukemia Protein
D000071158,D08.811.913.696.620.682.700.534;D12.776.637.750,Leucine-Rich Repeat Serine-Threonine Protein Kinase-2
D000071161,D12.776.260.950.249.250;D12.776.930.977.249.250,Forkhead Box Protein O1
D000071162,D12.644.937,Trefoil Factors
D000071163,D12.644.937.500,Trefoil Factor-1
D000071164,D12.644.937.750,Trefoil Factor-2
D000071165,D12.644.937.875,Trefoil Factor-3
D000071176,D12.776.395.550.736;D12.776.543.550.746;D12.776.543.750.705.970,Signaling Lymphocytic Activation Molecule Family
D000071177,D12.776.395.550.736.500;D12.776.543.550.746.500;D12.776.543.750.705.970.500,Signaling Lymphocytic Activation Molecule Family Member 1
D000071178,D12.776.395.550.448.180;D12.776.395.550.736.250;D12.776.543.484.500.180;D12.776.543.550.418.180;D12.776.543.550.746.250;D12.776.543.750.705.970.250,CD48 Antigen
D000071179,D12.644.360.024.332;D12.776.157.057.166;D12.776.476.024.426,Signaling Lymphocytic Activation Molecule Associated Protein
D000071181,D12.776.157.530.100.075.250;D12.776.157.530.450.074.500.500.250.250;D12.776.395.550.020.400.305;D12.776.543.550.192.400.305;D12.776.543.585.100.200.250;D12.776.543.585.450.074.500.500.250.250,"ATP Binding Cassette Transporter, Subfamily B, Member 2"
D000071182,A11.284.430.214.190.875.190.700.500,Autophagosomes
D000071183,D12.776.094,Autophagy-Related Proteins
D000071184,G05.365.795.446,Pharmacogenomic Variants
D000071185,E01.370.225.562.500;E05.200.562.500;E05.393.435.500;N02.421.308.430.500;N02.421.726.233.221.500,Pharmacogenomic Testing
D000071186,D12.644.360.075.335;D12.776.094.500;D12.776.476.075.335,Beclin-1
D000071187,D12.776.094.250,Autophagy-Related Protein 5
D000071189,D08.811.913.696.620.682.700.108;D12.644.360.081;D12.776.094.438;D12.776.476.078,Autophagy-Related Protein-1 Homolog
D000071190,D12.776.094.407;D12.776.220.600.450.100;D12.776.947.187,Autophagy-Related Protein 8 Family
D000071192,D12.776.094.391;D12.776.947.125,Autophagy-Related Protein 12
D000071193,D12.776.094.399,Autophagy-Related Protein 7
D000071194,B01.050.150.900.649.313.500.190,Camelidae
D000071195,M01.526.702,Educational Personnel
D000071196,G02.111.570.820.709.275.750.500.395.875,Pyrin Domain
D000071197,G02.111.570.820.709.275.750.500.290,B30.2-SPRY Domain
D000071198,D12.776.220.909;D12.776.934.750,Pyrin
D000071199,D12.644.360.539.250,"NLR Family, Pyrin Domain-Containing 3 Protein"
D000071216,M01.526.702.250.736,"Faculty, Pharmacy"
D000071217,G07.180.562.595,Infradian Rhythm
D000071218,G07.180.562.797,Ultradian Rhythm
D000071219,N05.425.184;N06.850.520.308.980.438.475.091,Global Burden of Disease
D000071220,H01.770.644.145.442,Pharmaceutical Research
D000071221,D05.500.781.750.250;D08.811.913.555.500.800.200.500.500.500;D12.776.660.235.600.200.250;D12.776.664.235.800.200.250;D12.776.930.780.890.200.250,Enhancer of Zeste Homolog 2 Protein
D000071222,D12.644.360.024.374.500;D12.776.157.057.249.500;D12.776.476.024.437.500,Suppressor of Cytokine Signaling 1 Protein
D000071223,D12.644.360.024.374.750;D12.776.157.057.249.750;D12.776.476.024.437.750,Suppressor of Cytokine Signaling 3 Protein
D000071225,B04.820.480.968.405.400.598,"Influenza A Virus, H5N8 Subtype"
D000071228,D01.248.700;D05.750.230,Polyelectrolytes
D000071229,D12.776.157.464.500.906,Perilipin-4
D000071230,D12.776.260.755.100;D12.776.930.900.625,Transcriptional Regulator ERG
D000071231,D08.811.520.241.300.150.450;D12.776.543.178;D23.050.285.196,Carbonic Anhydrase IX
D000071232,D09.698.735.700;D12.776.395.650.875;D12.776.860.300.806,Small Leucine-Rich Proteoglycans
D000071234,D09.698.735.700.875;D12.776.395.650.875.750;D12.776.860.300.806.875,Lumican
D000071235,D09.698.735.700.813;D12.776.395.650.875.625;D12.776.860.300.806.813,Fibromodulin
D000071238,G02.111.570.820.709.275.750.250.500,Fibronectin Type III Domain
D000071241,G02.111.570.820.709.275.500.869.250,Double-Stranded RNA Binding Motif
D000071243,C01.920.500.990;C01.925.081.990;C01.925.782.350.250.990,Zika Virus Infection
D000071244,B04.820.578.344.350.995,Zika Virus
D000071245,D12.776.157.530.937.598;D12.776.543.585.475.688;D12.776.543.585.937.696;D12.776.575.750.688,Mitochondrial Uncoupling Proteins
D000071246,D12.776.157.530.937.598.750;D12.776.543.585.475.688.750;D12.776.543.585.937.696.750;D12.776.575.750.688.750,Uncoupling Protein 2
D000071247,D12.776.157.530.937.598.875;D12.776.543.585.475.688.875;D12.776.543.585.937.696.875;D12.776.575.750.688.875,Uncoupling Protein 3
D000071248,D12.644.360.024.314.650;D12.776.157.057.080.650;D12.776.157.725.813.875;D12.776.476.024.394.650;D12.776.660.675.650;D12.776.664.962.813.875;D12.776.930.617.650,Peroxisome Proliferator-Activated Receptor Gamma Coactivator 1-alpha
D000071250,D12.776.930.815,Snail Family Transcription Factors
D000071251,G16.500.275.260,Extreme Environments
D000071252,I02.358.859;I02.588,Mentoring
D000071253,L01.399.250.590,Metadata
D000071256,D12.776.157.530.937.598.500;D12.776.543.585.475.688.500;D12.776.543.585.937.696.500;D12.776.575.750.688.500,Uncoupling Protein 1
D000071257,C10.597.606.337.500.500;C23.550.767.181;C23.888.592.604.339.500.500;F01.700.250.500.500;F03.615.350.500,Emergence Delirium
D000071277,F01.145.813.213,"Harassment, Non-Sexual"
D000071278,J01.040.330,Domestication
D000071296,M01.526.446,Government Employees
D000071297,C01.221.250.875.044;C01.221.812.640.400.044;C01.778.640.400.044;C01.925.782.815.616.400.044;C01.925.813.400.044;C20.673.480.044,Acute Retroviral Syndrome
D000071298,C23.550.260.127;I01.076.368.792;I01.198.780.937.883,Body Remains
D000071316,D12.776.260.950.249.125;D12.776.930.977.249.125,Forkhead Box Protein O3
D000071317,D12.776.260.400.530;D12.776.930.542,Nanog Homeobox Protein
D000071336,D12.776.097.890;D12.776.260.755.700;D12.776.930.900.550;D23.946.896.490,Transcription Activator-Like Effectors
D000071376,G02.111.570.820.709.275.500.869,RNA-Binding Motifs
D000071377,G02.111.570.820.709.275.500.869.500,RNA Recognition Motif
D000071378,C05.330.488.050,Bunion
D000071380,C04.557.450.565.590.340.705;C05.360.375;C05.651.197.369;C17.300.349;C17.800.321.063,"Fibromatosis, Plantar"
D000071396,D08.811.682.657.163.249.375;D12.776.575.093,"Aldehyde Dehydrogenase, Mitochondrial"
D000071416,D12.776.260.103.906;D12.776.930.125.906,Twist Transcription Factors
D000071417,D12.776.260.103.906.500;D12.776.930.125.906.500,Twist-Related Protein 2
D000071419,G02.111.570.820.709.275.500.360.360.500,ETS Motif
D000071421,G05.045.513;G16.575,Life History Traits
D000071422,G05.410,Inbreeding Depression
D000071425,D12.644.360.024.330.500;D12.776.157.057.162.500;D12.776.476.024.424.500,"Src Homology 2 Domain-Containing, Transforming Protein 1"
D000071426,D12.644.360.024.330.750;D12.776.157.057.162.750;D12.776.476.024.424.750,"Src Homology 2 Domain-Containing, Transforming Protein 2"
D000071427,D12.644.360.024.330.875;D12.776.157.057.162.875;D12.776.476.024.424.875,"Src Homology 2 Domain-Containing, Transforming Protein 3"
D000071436,G07.025.133.500;G07.775.500.500;G16.012.500.133.500,Thermotolerance
D000071437,G04.152.912.750.500;G07.345.500.325.377.687.750.750;G08.686.784.170.450.500.750.750;G11.561.620.750.500,Axon Guidance
D000071438,D12.776.157.170.250;D12.776.631.274,Fatty Acid-Binding Protein 7
D000071439,A11.284.187.865.400;G05.360.162.865.400;G05.360.340.024.380.906,Pseudoautosomal Regions
D000071441,F04.754.293,Emotion-Focused Therapy
D000071442,F01.145.113.780;F01.145.875.439.500;G07.568.500.590;G11.427.410.568.850,Taxis Response
D000071443,D12.776.395.550.200.049;D12.776.543.550.200.062;D23.050.301.350.049,12E7 Antigen
D000071444,F01.145.113.780.875;F01.145.875.439.500.875;G07.568.500.590.875;G11.427.410.568.850.875,Phototaxis
D000071446,G04.152.912.750;G07.345.500.325.377.687.750;G08.686.784.170.450.500.750;G11.561.620.750,Neuronal Outgrowth
D000071447,D12.776.260.103.500.625;D12.776.260.108.092.625;D12.776.624.664.700.158;D12.776.930.125.500.563;D12.776.930.127.092.625,N-Myc Proto-Oncogene Protein
D000071448,G04.152.912.750.250;G07.345.500.325.377.687.750.500;G08.686.784.170.450.500.750.500;G11.561.620.750.250,Axon Fasciculation
D000071449,D08.811.277.656.300.760.718;D08.811.277.656.837.688;D08.811.277.656.959.350.718,Proprotein Convertase 9
D000071450,D12.776.157.530.100.075.500;D12.776.157.530.450.074.500.500.250.375;D12.776.395.550.020.400.458;D12.776.543.550.192.400.458;D12.776.543.585.100.200.375;D12.776.543.585.450.074.500.500.250.375,"ATP Binding Cassette Transporter, Subfamily B, Member 3"
D000071451,D08.811.277.450.207.500;D12.776.503.070,Chitinase-3-Like Protein 1
D000071456,D12.644.360.024.329;D12.776.094.750;D12.776.157.057.160;D12.776.476.024.422,Sequestosome-1 Protein
D000071457,D08.811.913.696.445.735.720.249.750,DEAD Box Protein 58
D000071458,G02.111.570.820.709.275.750.500.395,Death Domain Superfamily
D000071459,G02.111.570.820.709.275.750.500.395.500,Death Domain
D000071461,G02.111.570.820.709.275.750.500.395.750,Death Effector Domain
D000071476,G02.111.570.820.709.275.750.500.395.250,Caspase Activation and Recruitment Domain
D000071477,A16.551,Gubernaculum
D000071478,D08.811.277.151.486.250.500,APOBEC Deaminases
D000071479,D08.811.277.151.486.250.500.500,APOBEC-1 Deaminase
D000071480,D08.811.277.151.486.250.500.750,APOBEC-3G Deaminase
D000071496,D08.811.074.062;D08.811.682.690.416.139,AlkB Enzymes
D000071497,G12.513,"Immunogenicity, Vaccine"
D000071498,D08.811.074.062.500;D08.811.682.690.416.139.500,"AlkB Homolog 1, Histone H2a Dioxygenase"
D000071499,D08.811.074.062.750;D08.811.682.690.416.139.750,"AlkB Homolog 2, Alpha-Ketoglutarate-Dependent Dioxygenase"
D000071500,D08.811.074.062.875;D08.811.682.690.416.139.875,"AlkB Homolog 3, Alpha-Ketoglutarate-Dependent Dioxygenase"
D000071501,D08.811.682.662.582.138;D08.811.682.690.416.139.937,"AlkB Homolog 4, Lysine Demethylase"
D000071502,D08.811.074.062.937;D08.811.682.662.582.207;D08.811.682.690.416.139.968,"AlkB Homolog 5, RNA Demethylase"
D000071503,D08.811.682.690.416.139.984;D08.811.913.555.500.925.500,"AlkB Homolog 8, tRNA Methyltransferase"
D000071516,D08.811.074.062.968;D08.811.682.662.582.242;D08.811.682.690.416.139.992,Alpha-Ketoglutarate-Dependent Dioxygenase FTO
D000071518,D12.776.260.531;D12.776.826.194,Liver X Receptors
D000071538,A10.165.265.521,Cortical Bone
D000071556,A10.165.265.414,Cancellous Bone
D000071557,D12.644.360.024.098.525;D12.776.157.057.005.525;D12.776.476.024.104.525;D12.776.543.090.525,beta-Arrestins
D000071559,D12.644.360.024.098.525.500;D12.776.157.057.005.525.500;D12.776.476.024.104.525.500;D12.776.543.090.525.500,beta-Arrestin 1
D000071560,D12.644.360.024.098.525.750;D12.776.157.057.005.525.750;D12.776.476.024.104.525.750;D12.776.543.090.525.750,beta-Arrestin 2
D000071562,C26.404.038,"Fractures, Avulsion"
D000071576,C26.257,Crush Injuries
D000071596,A02.633.567.050.375,Abdominal Oblique Muscles
D000071616,D12.776.260.400.140;D12.776.660.201;D12.776.930.146,CDX2 Transcription Factor
D000071617,D08.811.277.785;D12.776.637.875,Protein Deglycase DJ-1
D000071636,D08.811.277.352.650.625.716,Protein Phosphatase 2C
D000071656,D12.776.543.750.725.875;D12.776.930.770.875,"Receptor, Notch3"
D000071657,D08.811.277.040.025.159.249.500;D08.811.277.352.335.375.875;D08.811.277.352.365.290.500;D08.811.399.340.249.500;D12.776.157.687.750;D12.776.660.720.750,Werner Syndrome Helicase
D000071676,D12.776.260.755.850;D12.776.624.664.700.989;D12.776.930.900.700,Zinc Finger Protein GLI1
D000071677,D08.811.913.696.620.682.424,Histidine Kinase
D000071678,G02.111.570.060.720.515;G02.111.570.820.709.275.500.927;G02.111.570.820.709.275.750.500.875;G02.111.570.820.709.275.875.515,WD40 Repeats
D000071679,D05.500.117.875.500;D08.811.913.696.620.682.700.429.500.500;D08.811.913.696.620.682.700.646.625.500;D12.644.360.300.500.500;D12.776.476.081.875.500;D12.776.476.300.500.500,Glycogen Synthase Kinase 3 beta
D000071681,D08.811.277.352.650.025.500;D08.811.277.352.650.625.862,Tartrate-Resistant Acid Phosphatase
D000071682,G02.111.570.820.709.275.500.898;G02.111.570.820.709.275.750.500.813,Sterile Alpha Motif
D000071696,H01.158.201.843.500;H01.158.273.180.350.700.500;H01.158.273.343.350.700.500;H01.181.122.738.500,Proteogenomics
D000071697,C23.888.885.281,Cellulite
D000071698,C18.452.394.750.714;C19.246.656;C20.111.576,Latent Autoimmune Diabetes in Adults
D000071699,C09.218.568.900.442;C10.597.057;C23.888.592.057,Bilateral Vestibulopathy
D000071700,C11.270.152;C11.768.585.658.250;C16.320.290.152,Cone-Rod Dystrophies
D000071701,D12.776.260.950.624;D12.776.930.977.624,Regulatory Factor X Transcription Factors
D000071716,D12.776.260.950.624.500;D12.776.930.977.624.500,Regulatory Factor X1
D000071717,D12.776.260.108.937;D12.776.930.127.937,X-Box Binding Protein 1
D000071736,D12.776.157.125.806;D12.776.543.875,Stromal Interaction Molecules
D000071737,D12.776.157.125.806.500;D12.776.543.875.500,Stromal Interaction Molecule 1
D000071738,D12.776.157.125.806.750;D12.776.543.875.750,Stromal Interaction Molecule 2
D000071739,D12.776.157.530.400.150.740;D12.776.543.550.450.150.740;D12.776.543.585.400.150.740,Calcium Release Activated Calcium Channels
D000071740,D12.776.157.530.400.150.740.500;D12.776.543.550.450.150.740.500;D12.776.543.585.400.150.740.500,ORAI1 Protein
D000071741,D12.776.157.530.400.150.740.750;D12.776.543.550.450.150.740.750;D12.776.543.585.400.150.740.750,ORAI2 Protein
D000071756,D08.811.520.650.600.750;D12.644.360.350.500;D12.776.476.350.500,Soluble Guanylyl Cyclase
D000071757,G02.111.570.820.709.275.750.500.343,BTB-POZ Domain
D000071776,G02.111.570.060.720.273;G02.111.570.820.709.275.500.500;G02.111.570.820.709.275.750.500.448;G02.111.570.820.709.275.875.273,Kelch Repeat
D000071796,D12.776.260.716;D12.776.660.235.650;D12.776.664.235.900;D12.776.930.809,SMARCB1 Protein
D000071797,D12.776.395.550.114;D12.776.543.550.195,Butyrophilins
D000071799,D12.776.260.400.906;D12.776.260.703.800;D12.776.930.780.945,Zinc Finger E-box-Binding Homeobox 1
D000071816,D12.776.157.469.050;D12.776.395.361;D12.776.780.426,Glycodelin
D000071818,D12.776.467.984.050;D12.776.624.664.700.962;D23.529.984.050,Wnt-5a Protein
D000071819,B04.280.950,Virophages
D000071820,N02.421.297.043,Emergency Medical Dispatch
D000071821,D12.776.220.790.625,Dystonin
D000071822,M01.526.485.349,Emergency Medical Dispatcher
D000071825,B05.256,Extremophiles
D000071826,I03.125.474,Distracted Driving
D000071836,N04.590.374.650;N05.300.643,Professional Practice Gaps
D000071837,D09.400.430.875;D12.776.395.341;D12.776.860.300.400,Fibrillins
D000071838,D09.400.430.875.500;D12.776.395.341.500;D12.776.860.300.400.500,Fibrillin-1
D000071840,D09.400.430.875.750;D12.776.395.341.750;D12.776.860.300.400.750,Fibrillin-2
D000071841,D12.776.260.645.813;D12.776.930.700.813,PAX6 Transcription Factor
D000071856,G02.111.570.820.709.275.750.500.844,Tudor Domain
D000071857,D12.776.260.805;D12.776.660.235.850;D12.776.664.235.950,Tumor Suppressor p53-Binding Protein 1
D000071858,D12.776.395.550.200.263;D12.776.543.550.200.263;D23.050.285.357;D23.050.301.350.263,Epithelial Cell Adhesion Molecule
D000071876,D08.811.399.475.600,Prostaglandin-E Synthases
D000071877,D08.811.913.696.620.682.700.143,Checkpoint Kinase 1
D000071896,C23.888.541,Medically Unexplained Symptoms
D000071916,D12.776.395.550.007;D12.776.543.550.023,AC133 Antigen
D000071936,A12.207.824,Nipple Discharge
D000071937,G09.188.130.185;G09.330.380.092.185,Cerebral Blood Volume
D000071938,E04.321,Fasciotomy
D000071939,E02.760.169.063.500.477.500;E02.831.477.500;H02.403.680.600.750.500;N02.421.784.511.500,Stroke Rehabilitation
D000071940,G01.249.660,Nucleons
D000071941,E01.370.350.700.225.313;E02.319.347.500,Barium Enema
D000071956,C26.891.375.750;C26.974.250.875,Myocardial Contusions
D000071959,M01.526.070.245;M01.526.485.215;N02.360.215,Case Managers
D000071960,C04.557.470.200.240.187;C04.588.180.130;C17.800.090.500.130,Breast Carcinoma In Situ
D000071976,A02.633.567.425,Gracilis Muscle
D000071997,E01.370.225.875.185;E05.200.875.185,Blood Culture
D000071999,D12.776.157.125.750.813,S100 Calcium-Binding Protein A4
D000072,D02.886.590.263.050,Acedapsone
D000072000,D12.644.360.365.500;D12.776.260.420.500;D12.776.476.381.500;D12.776.930.326.500,NF-KappaB Inhibitor alpha
D000072001,F01.829.458.205.500;G07.203.650.240.629,"Diet, Healthy"
D000072002,D12.776.395.550.448.600;D12.776.543.484.500.625;D12.776.543.550.418.600;D12.776.785.340,Prion Proteins
D000072017,D08.811.037,Deubiquitinating Enzymes
D000072018,M01.526.485.170;N02.360.170,Audiologists
D000072019,D12.644.360.024.306;D12.776.157.057.067;D12.776.476.024.387,Kelch-Like ECH-Associated Protein 1
D000072020,G05.365.590.917,Synthetic Lethal Mutations
D000072036,E04.466.911;E04.625.500,Prophylactic Mastectomy
D000072038,E02.760.169.063.500.185;E02.831.185;H02.403.680.600.250;N02.421.784.244,Cardiac Rehabilitation
D000072039,C05.550.518.336;C26.289.336;C26.404.026,Fracture Dislocation
D000072040,D10.532.091.200.575;D12.776.070.400.200.575;D12.776.521.120.200.575,Apolipoprotein A-V
D000072041,D12.776.260.645.782;D12.776.930.700.782,PAX3 Transcription Factor
D000072042,C05.550.518.336.875;C26.289.336.875;C26.404.026.500,Salter-Harris Fractures
D000072056,D12.776.260.103.844;D12.776.930.125.844,Transcription Factor HES-1
D000072077,M01.526.485.140;N02.360.140,Anesthetists
D000072078,E01.370.350.350.800.700.500;E01.370.350.350.810.645;E01.370.350.567.500;E01.370.350.600.350.700.810.490;E01.370.350.600.350.800.399.500;E01.370.350.700.700.810.645;E01.370.350.700.810.810.723;E01.370.350.710.800.399.500;E01.370.350.825.800.399.500;E01.370.350.825.810.810.700;E01.370.384.730.800.399.500,Positron Emission Tomography Computed Tomography
D000072079,D12.776.543.750.058;D12.776.624.776.633,Patched Receptors
D000072080,M01.526.485.140.040;M01.526.485.810.040;N02.360.140.040;N02.360.810.040,Anesthesiologists
D000072081,D12.776.543.750.058.500;D12.776.624.776.633.500,Patched-1 Receptor
D000072082,D12.776.543.750.058.750;D12.776.624.776.633.750,Patched-2 Receptor
D000072085,M01.526.485.810.215;N02.360.810.215,Dermatologists
D000072086,D12.776.543.750.695.017.500;D12.776.543.750.850.500.500,Smoothened Receptor
D000072087,M01.526.485.710;N02.360.710,Occupational Therapists
D000072096,M01.526.485.810.128;N02.360.810.128,Cardiologists
D000072097,M01.526.485.810.303;N02.360.810.303,Endocrinologists
D000072098,E01.370.350.350.800.800.750;E01.370.350.350.810.723;E01.370.350.567.750;E01.370.350.600.350.700.810.645;E01.370.350.600.350.800.800.500;E01.370.350.700.700.810.723;E01.370.350.700.810.810.762;E01.370.350.710.800.800.750;E01.370.350.825.800.800.750;E01.370.350.825.810.810.750;E01.370.384.730.800.800.750,Single Photon Emission Computed Tomography Computed Tomography
D000072099,D12.644.276.930;D12.776.157.125.797;D12.776.543.800;D23.529.930,Serrate-Jagged Proteins
D000072100,D12.644.276.930.500;D12.776.157.125.797.500;D12.776.543.800.500;D23.529.930.500,Jagged-1 Protein
D000072101,D12.644.276.930.750;D12.776.157.125.797.750;D12.776.543.800.750;D23.529.930.750,Jagged-2 Protein
D000072102,M01.526.485.810.438;N02.360.810.438,Gastroenterologists
D000072103,M01.526.485.810.699;N02.360.810.699,Oncologists
D000072104,M01.526.485.810.628;N02.360.810.628,Nephrologists
D000072105,D08.811.682.881.500,Superoxide Dismutase-1
D000072106,M01.526.485.810.865;N02.360.810.865,Pulmonologists
D000072117,M01.526.225,Counselors
D000072137,F01.145.805.500,Vaping
D000072138,N06.850.335.188.100.500.500;N06.850.520.203.375.100.500.500,Mosquito Vectors
D000072139,B04.280.356,Giant Viruses
D000072140,M01.526.485.810.888;N02.360.810.888,Rheumatologists
D000072141,M01.526.485.810.652;N02.360.810.652,Neurologists
D000072142,M01.526.485.810.746;N02.360.810.746,Pathologists
D000072143,M01.526.485.810.758;N02.360.810.758,Pediatricians
D000072156,M01.526.485.810.758.500;N02.360.810.758.500,Neonatologists
D000072157,M01.526.485.810.764;N02.360.810.764,Physiatrists
D000072158,M01.526.485.353;N02.360.345,Epidemiologists
D000072159,D05.500.142;D12.776.220.600.450.150;D12.776.631.560.225,Dynactin Complex
D000072160,D12.776.260.885;D12.776.624.776.820;D12.776.660.912;D12.776.930.969,Tumor Protein p73
D000072161,M01.526.485.810.910.875;N02.360.810.910.875,Orthopedic Surgeons
D000072162,M01.526.485.725;N02.360.725,Optometrists
D000072163,M01.526.485.810.705;N02.360.810.705,Ophthalmologists
D000072176,G01.358.500.875,Superconductivity
D000072177,M01.526.485.810.877;N02.360.810.877,Radiologists
D000072178,M01.526.485.810.955;N02.360.810.955,Urologists
D000072179,D12.776.543.750.705.852.420.300.375,Interleukin-1 Receptor-Like 1 Protein
D000072180,D08.811.277.352.650.624,Phosphoinositide Phosphatases
D000072181,D08.811.277.352.650.624.500,Inositol Polyphosphate 5-Phosphatases
D000072182,J03,Non-Medical Public and Private Facilities
D000072183,D08.811.277.352.650.624.750,"Phosphatidylinositol-3,4,5-Trisphosphate 5-Phosphatases"
D000072184,M01.526.485.650.648;N02.360.650.648,Nurse Specialists
D000072196,D08.811.277.656.675.374.102.750;D09.400.430.500.750;D12.776.395.033.750;D12.776.395.550.331,Fertilins
D000072197,D08.811.277.656.675.374.102.250;D09.400.430.500.250;D12.776.395.033.250,ADAM10 Protein
D000072198,D08.811.277.656.675.374.102.375;D09.400.430.500.375;D12.776.395.033.375,ADAM17 Protein
D000072199,D08.811.277.656.675.374.102.125;D09.400.430.500.125;D12.776.395.033.125,ADAM12 Protein
D000072200,D08.811.277.040.025.159.155;D08.811.399.340.155;D12.776.157.687.493;D12.776.260.525;D12.776.660.625.625;D12.776.660.720.493;D23.050.290.625,Ku Autoantigen
D000072216,D12.776.290.906;D12.776.395.550.995;D12.776.543.550.995;D12.776.543.750.981,Zona Pellucida Glycoproteins
D000072218,M01.526.485.330.397;N02.360.330.397,Endodontists
D000072219,M01.526.485.810.533;N02.360.810.533,Geriatricians
D000072220,M01.526.485.810.734;N02.360.810.734,Otolaryngologists
D000072221,M01.526.485.650.648.940.500;N02.360.650.648.940.500,"Nurses, Neonatal"
D000072222,M01.526.485.650.648.940;N02.360.650.648.940,"Nurses, Pediatric"
D000072223,M01.526.485.810.020;N02.360.810.020,Allergists
D000072224,D12.644.360.075.323;D12.776.476.075.323;D12.776.543.116;D12.776.624.664.700.025,Bcl-2-Like Protein 11
D000072226,E01.370.350.350.810.335;E01.370.350.567.250;E01.370.350.600.350.700.810.335;E01.370.350.700.700.810.335;E01.370.350.700.810.810.568;E01.370.350.825.810.810.499,Computed Tomography Angiography
D000072227,E07.695.400.852,Shoulder Prosthesis
D000072228,E04.555.110.110.299;E04.650.110.299;E04.680.101.110.299,"Arthroplasty, Replacement, Shoulder"
D000072229,E02.718.688;E04.555.110.557;E04.680.101.557,Posterior Cruciate Ligament Reconstruction
D000072230,E01.789.800.570;N04.761.559.590.800.665;N05.715.360.575.575.800.665,Sustained Virologic Response
D000072231,E05.799.638.511,In Vivo Dosimetry
D000072232,E07.710.725,Radiation Dosimeters
D000072233,D12.776.476.024.381,Homer Scaffolding Proteins
D000072234,E02.875.800.250;E05.820.800.250,Donor Conception
D000072235,D12.644.368;D23.641.200,Mating Factor
D000072236,D12.644.360.420;D12.776.097.533;D12.776.476.420;D12.776.543.750.054,Methyl-Accepting Chemotaxis Proteins
D000072237,D12.776.157.530.400.600.900.249.500;D12.776.543.550.450.750.900.249.500;D12.776.543.585.400.750.900.249.500,ERG1 Potassium Channel
D000072257,E05.657,Oxygen Radical Absorbance Capacity
D000072258,G03.197.300.500;G04.270.300.500,Tumor Hypoxia
D000072259,D12.776.543.585.250.100,Connexin 26
D000072260,D12.776.157.725.829;D12.776.664.962.829,RNA Splicing Factors
D000072261,D12.644.360.024.288;D12.776.157.057.028;D12.776.476.024.330,Dishevelled Proteins
D000072263,J03.700,Private Facilities
D000072264,J03.925,Sports and Recreational Facilities
D000072277,E01.370.386.700.550,Maximal Respiratory Pressures
D000072278,D12.776.260.950.249.063;D12.776.930.977.249.063,Forkhead Box Protein M1
D000072280,B03.135,"Bacteria, Thermoduric"
D000072281,C15.604.338,Lymphadenopathy
D000072282,B03.440.450.425.325.300.580;B03.660.250.150.180.100.580,Extraintestinal Pathogenic Escherichia coli
D000072283,A11.251.210.190.080;A11.251.860.180.080;A11.436.054,A549 Cells
D000072296,E07.108,Bathroom Equipment
D000072316,D02.309,Dioxins and Dioxin-like Compounds
D000072317,D02.309.500.450;D03.633.300.786,Polychlorinated Dibenzodioxins
